id,fuente,fecha,lat,lon,zona,puntaje,nivel,razones,barco,mmsi,estado,registrado_en,ciclo_ingreso
INC-33585170,GAP,2026-07-06,,,trayecto,90,ALTO,apagado intencional de AIS por 66 h | sin bandera declarada | MMSI de rango irregular,LM YUCATAN CA 3551,941220755,Registrada,2026-08-13 18:18:05,2026-08-13T18:18:05
INC-6B140D1F,GAP,2025-10-01,,,trayecto,90,ALTO,apagado intencional de AIS por 27 h,ANTONIO,725011100,Registrada,2026-08-13 18:18:05,2026-08-13T18:18:05
INC-6C150F03,SAR,2025-10-30,-33.44,-71.93000030517578,ZEE_interior,80,ALTO,"sin señal AIS (radar sí lo detecta): +30 | en ZEE interior, fuera de franja costera: +25 | lejos de puerto (32.7 km): +15 | opera en grupo (7 oscuros ese día): +10",,,Registrada,2026-08-13 18:18:05,2026-08-13T18:18:05
INC-4774D946,SAR,2025-10-30,-33.45,-71.97000122070312,ZEE_interior,80,ALTO,"sin señal AIS (radar sí lo detecta): +30 | en ZEE interior, fuera de franja costera: +25 | lejos de puerto (35.5 km): +15 | opera en grupo (7 oscuros ese día): +10",,,Registrada,2026-08-13 18:18:05,2026-08-13T18:18:05
INC-9524C64C,SAR,2025-10-30,-33.58,-72.31999969482422,ZEE_interior,80,ALTO,"sin señal AIS (radar sí lo detecta): +30 | en ZEE interior, fuera de franja costera: +25 | lejos de puerto (64.8 km): +15 | opera en grupo (7 oscuros ese día): +10",,,Registrada,2026-08-13 18:18:05,2026-08-13T18:18:05
INC-100673ED,SAR,2025-10-20,-33.11,-72.23999786376953,ZEE_interior,80,ALTO,"sin señal AIS (radar sí lo detecta): +30 | en ZEE interior, fuera de franja costera: +25 | lejos de puerto (57.5 km): +15 | opera en grupo (19 oscuros ese día): +10",,,Registrada,2026-08-13 18:18:05,2026-08-13T18:18:05
INC-6AE75A54,SAR,2025-10-20,-33.73,-72.26000213623047,ZEE_interior,80,ALTO,"sin señal AIS (radar sí lo detecta): +30 | en ZEE interior, fuera de franja costera: +25 | lejos de puerto (61.5 km): +15 | opera en grupo (19 oscuros ese día): +10",,,Registrada,2026-08-13 18:18:05,2026-08-13T18:18:05
INC-60475001,SAR,2025-10-20,-33.68,-72.31999969482422,ZEE_interior,80,ALTO,"sin señal AIS (radar sí lo detecta): +30 | en ZEE interior, fuera de franja costera: +25 | lejos de puerto (65.8 km): +15 | opera en grupo (19 oscuros ese día): +10",,,Registrada,2026-08-13 18:18:05,2026-08-13T18:18:05
INC-5B36F599,SAR,2025-10-20,-32.16,-72.0199966430664,ZEE_interior,80,ALTO,"sin señal AIS (radar sí lo detecta): +30 | en ZEE interior, fuera de franja costera: +25 | lejos de puerto (81.9 km): +15 | opera en grupo (19 oscuros ese día): +10",,,Registrada,2026-08-13 18:18:05,2026-08-13T18:18:05
INC-CAAF7ACE,SAR,2025-10-20,-32.81,-72.43000030517578,ZEE_interior,80,ALTO,"sin señal AIS (radar sí lo detecta): +30 | en ZEE interior, fuera de franja costera: +25 | lejos de puerto (78.6 km): +15 | opera en grupo (19 oscuros ese día): +10",,,Registrada,2026-08-13 18:18:05,2026-08-13T18:18:05
INC-2E9B77AF,SAR,2025-10-20,-33.72,-72.30000305175781,ZEE_interior,80,ALTO,"sin señal AIS (radar sí lo detecta): +30 | en ZEE interior, fuera de franja costera: +25 | lejos de puerto (64.8 km): +15 | opera en grupo (19 oscuros ese día): +10",,,Registrada,2026-08-13 18:18:05,2026-08-13T18:18:05
INC-182E5A21,SAR,2025-10-20,-32.12,-71.95999908447266,ZEE_interior,80,ALTO,"sin señal AIS (radar sí lo detecta): +30 | en ZEE interior, fuera de franja costera: +25 | lejos de puerto (82.8 km): +15 | opera en grupo (19 oscuros ese día): +10",,,Registrada,2026-08-13 18:18:05,2026-08-13T18:18:05
INC-FC322A97,SAR,2025-10-20,-32.53,-71.94000244140625,ZEE_interior,80,ALTO,"sin señal AIS (radar sí lo detecta): +30 | en ZEE interior, fuera de franja costera: +25 | lejos de puerto (46.8 km): +15 | opera en grupo (19 oscuros ese día): +10",,,Registrada,2026-08-13 18:18:05,2026-08-13T18:18:05
INC-61194E8D,SAR,2025-10-20,-32.25,-72.23999786376953,ZEE_interior,80,ALTO,"sin señal AIS (radar sí lo detecta): +30 | en ZEE interior, fuera de franja costera: +25 | lejos de puerto (88.2 km): +15 | opera en grupo (19 oscuros ese día): +10",,,Registrada,2026-08-13 18:18:05,2026-08-13T18:18:05
INC-5451937C,SAR,2025-10-18,-33.49,-72.30000305175781,ZEE_interior,80,ALTO,"sin señal AIS (radar sí lo detecta): +30 | en ZEE interior, fuera de franja costera: +25 | lejos de puerto (63.8 km): +15 | opera en grupo (8 oscuros ese día): +10",,,Registrada,2026-08-13 18:18:05,2026-08-13T18:18:05
INC-B5E05E3C,SAR,2025-10-13,-33.41,-72.02999877929688,ZEE_interior,80,ALTO,"sin señal AIS (radar sí lo detecta): +30 | en ZEE interior, fuera de franja costera: +25 | lejos de puerto (42.5 km): +15 | opera en grupo (12 oscuros ese día): +10",,,Registrada,2026-08-13 18:18:05,2026-08-13T18:18:05
INC-62EA0AF7,SAR,2025-10-13,-33.29,-71.87000274658203,ZEE_interior,80,ALTO,"sin señal AIS (radar sí lo detecta): +30 | en ZEE interior, fuera de franja costera: +25 | lejos de puerto (36.5 km): +15 | opera en grupo (12 oscuros ese día): +10",,,Registrada,2026-08-13 18:18:05,2026-08-13T18:18:05
INC-27281764,SAR,2025-10-13,-33.34,-72.05999755859375,ZEE_interior,80,ALTO,"sin señal AIS (radar sí lo detecta): +30 | en ZEE interior, fuera de franja costera: +25 | lejos de puerto (48.8 km): +15 | opera en grupo (12 oscuros ese día): +10",,,Registrada,2026-08-13 18:18:05,2026-08-13T18:18:05
INC-36ACA057,SAR,2025-10-13,-33.39,-71.9000015258789,ZEE_interior,80,ALTO,"sin señal AIS (radar sí lo detecta): +30 | en ZEE interior, fuera de franja costera: +25 | lejos de puerto (33.5 km): +15 | opera en grupo (12 oscuros ese día): +10",,,Registrada,2026-08-13 18:18:05,2026-08-13T18:18:05
INC-0AF1E69D,SAR,2025-10-13,-33.53,-72.12000274658203,ZEE_interior,80,ALTO,"sin señal AIS (radar sí lo detecta): +30 | en ZEE interior, fuera de franja costera: +25 | lejos de puerto (46.7 km): +15 | opera en grupo (12 oscuros ese día): +10",,,Registrada,2026-08-13 18:18:05,2026-08-13T18:18:05
INC-5291866B,SAR,2025-10-13,-33.46,-71.95999908447266,ZEE_interior,80,ALTO,"sin señal AIS (radar sí lo detecta): +30 | en ZEE interior, fuera de franja costera: +25 | lejos de puerto (34.2 km): +15 | opera en grupo (12 oscuros ese día): +10",,,Registrada,2026-08-13 18:18:05,2026-08-13T18:18:05
INC-E8B9616B,SAR,2025-10-13,-33.49,-72.0,ZEE_interior,80,ALTO,"sin señal AIS (radar sí lo detecta): +30 | en ZEE interior, fuera de franja costera: +25 | lejos de puerto (36.6 km): +15 | opera en grupo (12 oscuros ese día): +10",,,Registrada,2026-08-13 18:18:05,2026-08-13T18:18:05
INC-EC697C09,SAR,2025-10-08,-33.54,-72.08000183105469,ZEE_interior,80,ALTO,"sin señal AIS (radar sí lo detecta): +30 | en ZEE interior, fuera de franja costera: +25 | lejos de puerto (42.9 km): +15 | opera en grupo (10 oscuros ese día): +10",,,Registrada,2026-08-13 18:18:05,2026-08-13T18:18:05
INC-726DBEF5,SAR,2025-10-06,-32.01,-71.94999694824219,ZEE_interior,80,ALTO,"sin señal AIS (radar sí lo detecta): +30 | en ZEE interior, fuera de franja costera: +25 | lejos de puerto (93.3 km): +15 | opera en grupo (6 oscuros ese día): +10",,,Registrada,2026-08-13 18:18:05,2026-08-13T18:18:05
INC-E302BCB7,SAR,2025-10-06,-33.36,-71.91999816894531,ZEE_interior,80,ALTO,"sin señal AIS (radar sí lo detecta): +30 | en ZEE interior, fuera de franja costera: +25 | lejos de puerto (37.1 km): +15 | opera en grupo (6 oscuros ese día): +10",,,Registrada,2026-08-13 18:18:05,2026-08-13T18:18:05
INC-0076CD63,SAR,2025-10-01,-33.67,-72.06999969482422,ZEE_interior,70,ALTO,"sin señal AIS (radar sí lo detecta): +30 | en ZEE interior, fuera de franja costera: +25 | lejos de puerto (42.9 km): +15",,,Registrada,2026-08-13 18:18:05,2026-08-13T18:18:05
INC-B08A99AA,SAR,2024-10-18,-33.39,-71.87999725341797,ZEE_interior,70,ALTO,"sin señal AIS (radar sí lo detecta): +30 | en ZEE interior, fuera de franja costera: +25 | lejos de puerto (32.1 km): +15",,,Registrada,2026-08-13 18:18:05,2026-08-13T18:18:05
INC-6CDF81FF,SAR,2025-10-30,-33.46,-71.86000061035156,ZEE_interior,65,MEDIO,"sin señal AIS (radar sí lo detecta): +30 | en ZEE interior, fuera de franja costera: +25 | opera en grupo (7 oscuros ese día): +10",,,Registrada,2026-08-13 18:18:05,2026-08-13T18:18:05
INC-FFAEC0A6,SAR,2025-10-20,-33.63,-71.93000030517578,ZEE_interior,65,MEDIO,"sin señal AIS (radar sí lo detecta): +30 | en ZEE interior, fuera de franja costera: +25 | opera en grupo (19 oscuros ese día): +10",,,Registrada,2026-08-13 18:18:05,2026-08-13T18:18:05
INC-3143CDE9,SAR,2025-10-20,-33.22,-71.83999633789062,ZEE_interior,65,MEDIO,"sin señal AIS (radar sí lo detecta): +30 | en ZEE interior, fuera de franja costera: +25 | opera en grupo (19 oscuros ese día): +10",,,Registrada,2026-08-13 18:18:05,2026-08-13T18:18:05
INC-7ECEB54B,SAR,2025-10-18,-32.55,-71.70999908447266,ZEE_interior,65,MEDIO,"sin señal AIS (radar sí lo detecta): +30 | en ZEE interior, fuera de franja costera: +25 | opera en grupo (8 oscuros ese día): +10",,,Registrada,2026-08-13 18:18:05,2026-08-13T18:18:05
INC-9A26892A,SAR,2025-10-13,-33.52,-71.7300033569336,ZEE_interior,65,MEDIO,"sin señal AIS (radar sí lo detecta): +30 | en ZEE interior, fuera de franja costera: +25 | opera en grupo (12 oscuros ese día): +10",,,Registrada,2026-08-13 18:18:05,2026-08-13T18:18:05
INC-2770EAF6,SAR,2025-10-08,-32.94,-71.7300033569336,ZEE_interior,65,MEDIO,"sin señal AIS (radar sí lo detecta): +30 | en ZEE interior, fuera de franja costera: +25 | opera en grupo (10 oscuros ese día): +10",,,Registrada,2026-08-13 18:18:05,2026-08-13T18:18:05
INC-0C09FCEE,SAR,2025-10-08,-33.02,-71.80999755859375,ZEE_interior,65,MEDIO,"sin señal AIS (radar sí lo detecta): +30 | en ZEE interior, fuera de franja costera: +25 | opera en grupo (10 oscuros ese día): +10",,,Registrada,2026-08-13 18:18:05,2026-08-13T18:18:05
INC-F441EDBF,SAR,2025-10-08,-33.44,-71.83000183105469,ZEE_interior,65,MEDIO,"sin señal AIS (radar sí lo detecta): +30 | en ZEE interior, fuera de franja costera: +25 | opera en grupo (10 oscuros ese día): +10",,,Registrada,2026-08-13 18:18:05,2026-08-13T18:18:05
INC-759D170C,SAR,2025-10-06,-33.73,-71.87999725341797,ZEE_interior,65,MEDIO,"sin señal AIS (radar sí lo detecta): +30 | en ZEE interior, fuera de franja costera: +25 | opera en grupo (6 oscuros ese día): +10",,,Registrada,2026-08-13 18:18:05,2026-08-13T18:18:05
INC-03722637,SAR,2025-10-25,-33.56,-71.83000183105469,ZEE_interior,55,MEDIO,"sin señal AIS (radar sí lo detecta): +30 | en ZEE interior, fuera de franja costera: +25",,,Registrada,2026-08-13 18:18:05,2026-08-13T18:18:05
INC-B495B1D1,SAR,2024-10-30,-33.67,-71.79000091552734,ZEE_interior,55,MEDIO,"sin señal AIS (radar sí lo detecta): +30 | en ZEE interior, fuera de franja costera: +25",,,Registrada,2026-08-13 18:18:05,2026-08-13T18:18:05
INC-8B600200,SAR,2024-10-30,-33.67,-71.81999969482422,ZEE_interior,55,MEDIO,"sin señal AIS (radar sí lo detecta): +30 | en ZEE interior, fuera de franja costera: +25",,,Registrada,2026-08-13 18:18:05,2026-08-13T18:18:05
INC-1C446835,SAR,2025-10-30,-32.49,-71.6500015258789,dentro_5_millas,44,VERIFICAR,"sin señal AIS (radar sí lo detecta): +30 | dentro de 5 millas (posible artesanal sin AIS): +10 | lejos de puerto (33.1 km): +15 | opera en grupo (7 oscuros ese día): +10 | tope de contención: costero sin eslora confirmada → se limita a VERIFICAR, no se acusa",,,Registrada,2026-08-13 18:18:05,2026-08-13T18:18:05
INC-B70CBD4F,SAR,2025-10-30,-32.75,-71.61000061035156,dentro_5_millas,44,VERIFICAR,"sin señal AIS (radar sí lo detecta): +30 | dentro de 5 millas (posible artesanal sin AIS): +10 | opera en grupo (7 oscuros ese día): +10 | tope de contención: costero sin eslora confirmada → se limita a VERIFICAR, no se acusa",,,Registrada,2026-08-13 18:18:05,2026-08-13T18:18:05
INC-49318B94,SAR,2025-10-30,-32.95,-71.58000183105469,dentro_5_millas,44,VERIFICAR,"sin señal AIS (radar sí lo detecta): +30 | dentro de 5 millas (posible artesanal sin AIS): +10 | opera en grupo (7 oscuros ese día): +10 | tope de contención: costero sin eslora confirmada → se limita a VERIFICAR, no se acusa",,,Registrada,2026-08-13 18:18:05,2026-08-13T18:18:05
INC-87A9F7CD,SAR,2025-10-20,-32.76,-71.51000213623047,dentro_5_millas,44,VERIFICAR,"sin señal AIS (radar sí lo detecta): +30 | dentro de 5 millas (posible artesanal sin AIS): +10 | opera en grupo (19 oscuros ese día): +10 | tope de contención: costero sin eslora confirmada → se limita a VERIFICAR, no se acusa",,,Registrada,2026-08-13 18:18:05,2026-08-13T18:18:05
INC-6E8371E8,SAR,2025-10-20,-33.0,-71.58999633789062,dentro_5_millas,44,VERIFICAR,"sin señal AIS (radar sí lo detecta): +30 | dentro de 5 millas (posible artesanal sin AIS): +10 | presencia repetida en la misma celda (2 fechas): +15 | opera en grupo (19 oscuros ese día): +10 | tope de contención: costero sin eslora confirmada → se limita a VERIFICAR, no se acusa",,,Registrada,2026-08-13 18:18:05,2026-08-13T18:18:05
INC-77208873,SAR,2025-10-20,-33.01,-71.58000183105469,dentro_5_millas,44,VERIFICAR,"sin señal AIS (radar sí lo detecta): +30 | dentro de 5 millas (posible artesanal sin AIS): +10 | opera en grupo (19 oscuros ese día): +10 | tope de contención: costero sin eslora confirmada → se limita a VERIFICAR, no se acusa",,,Registrada,2026-08-13 18:18:05,2026-08-13T18:18:05
INC-4672CF5B,SAR,2025-10-20,-32.48,-71.58000183105469,dentro_5_millas,44,VERIFICAR,"sin señal AIS (radar sí lo detecta): +30 | dentro de 5 millas (posible artesanal sin AIS): +10 | lejos de puerto (32.6 km): +15 | opera en grupo (19 oscuros ese día): +10 | tope de contención: costero sin eslora confirmada → se limita a VERIFICAR, no se acusa",,,Registrada,2026-08-13 18:18:05,2026-08-13T18:18:05
INC-AC01BD14,SAR,2025-10-20,-32.9,-71.63999938964844,dentro_5_millas,44,VERIFICAR,"sin señal AIS (radar sí lo detecta): +30 | dentro de 5 millas (posible artesanal sin AIS): +10 | opera en grupo (19 oscuros ese día): +10 | tope de contención: costero sin eslora confirmada → se limita a VERIFICAR, no se acusa",,,Registrada,2026-08-13 18:18:05,2026-08-13T18:18:05
INC-ECEFF91A,SAR,2025-10-20,-32.73,-71.66000366210938,dentro_5_millas,44,VERIFICAR,"sin señal AIS (radar sí lo detecta): +30 | dentro de 5 millas (posible artesanal sin AIS): +10 | opera en grupo (19 oscuros ese día): +10 | tope de contención: costero sin eslora confirmada → se limita a VERIFICAR, no se acusa",,,Registrada,2026-08-13 18:18:05,2026-08-13T18:18:05
INC-B63E41D2,SAR,2025-10-20,-32.75,-71.69000244140625,dentro_5_millas,44,VERIFICAR,"sin señal AIS (radar sí lo detecta): +30 | dentro de 5 millas (posible artesanal sin AIS): +10 | opera en grupo (19 oscuros ese día): +10 | tope de contención: costero sin eslora confirmada → se limita a VERIFICAR, no se acusa",,,Registrada,2026-08-13 18:18:05,2026-08-13T18:18:05
INC-81B4BB47,SAR,2025-10-20,-32.75,-71.5199966430664,dentro_5_millas,44,VERIFICAR,"sin señal AIS (radar sí lo detecta): +30 | dentro de 5 millas (posible artesanal sin AIS): +10 | opera en grupo (19 oscuros ese día): +10 | tope de contención: costero sin eslora confirmada → se limita a VERIFICAR, no se acusa",,,Registrada,2026-08-13 18:18:05,2026-08-13T18:18:05
INC-4243DB16,SAR,2025-10-18,-32.2,-71.62000274658203,dentro_5_millas,44,VERIFICAR,"sin señal AIS (radar sí lo detecta): +30 | dentro de 5 millas (posible artesanal sin AIS): +10 | lejos de puerto (63.9 km): +15 | opera en grupo (8 oscuros ese día): +10 | tope de contención: costero sin eslora confirmada → se limita a VERIFICAR, no se acusa",,,Registrada,2026-08-13 18:18:05,2026-08-13T18:18:05
INC-87187D18,SAR,2025-10-18,-32.45,-71.56999969482422,dentro_5_millas,44,VERIFICAR,"sin señal AIS (radar sí lo detecta): +30 | dentro de 5 millas (posible artesanal sin AIS): +10 | lejos de puerto (35.8 km): +15 | opera en grupo (8 oscuros ese día): +10 | tope de contención: costero sin eslora confirmada → se limita a VERIFICAR, no se acusa",,,Registrada,2026-08-13 18:18:05,2026-08-13T18:18:05
INC-6DD8BEE1,SAR,2025-10-18,-32.55,-71.61000061035156,dentro_5_millas,44,VERIFICAR,"sin señal AIS (radar sí lo detecta): +30 | dentro de 5 millas (posible artesanal sin AIS): +10 | opera en grupo (8 oscuros ese día): +10 | tope de contención: costero sin eslora confirmada → se limita a VERIFICAR, no se acusa",,,Registrada,2026-08-13 18:18:05,2026-08-13T18:18:05
INC-4F79C09F,SAR,2025-10-18,-32.99,-71.61000061035156,dentro_5_millas,44,VERIFICAR,"sin señal AIS (radar sí lo detecta): +30 | dentro de 5 millas (posible artesanal sin AIS): +10 | opera en grupo (8 oscuros ese día): +10 | tope de contención: costero sin eslora confirmada → se limita a VERIFICAR, no se acusa",,,Registrada,2026-08-13 18:18:05,2026-08-13T18:18:05
INC-874230FC,SAR,2025-10-18,-32.1,-71.58000183105469,dentro_5_millas,44,VERIFICAR,"sin señal AIS (radar sí lo detecta): +30 | dentro de 5 millas (posible artesanal sin AIS): +10 | lejos de puerto (74.6 km): +15 | opera en grupo (8 oscuros ese día): +10 | tope de contención: costero sin eslora confirmada → se limita a VERIFICAR, no se acusa",,,Registrada,2026-08-13 18:18:05,2026-08-13T18:18:05
INC-DF1A33C2,SAR,2025-10-18,-32.12,-71.58000183105469,dentro_5_millas,44,VERIFICAR,"sin señal AIS (radar sí lo detecta): +30 | dentro de 5 millas (posible artesanal sin AIS): +10 | lejos de puerto (72.4 km): +15 | opera en grupo (8 oscuros ese día): +10 | tope de contención: costero sin eslora confirmada → se limita a VERIFICAR, no se acusa",,,Registrada,2026-08-13 18:18:05,2026-08-13T18:18:05
INC-C6DEFBDE,SAR,2025-10-13,-33.62,-71.66999816894531,dentro_5_millas,44,VERIFICAR,"sin señal AIS (radar sí lo detecta): +30 | dentro de 5 millas (posible artesanal sin AIS): +10 | opera en grupo (12 oscuros ese día): +10 | tope de contención: costero sin eslora confirmada → se limita a VERIFICAR, no se acusa",,,Registrada,2026-08-13 18:18:05,2026-08-13T18:18:05
INC-1B1F68A9,SAR,2025-10-13,-33.6,-71.69000244140625,dentro_5_millas,44,VERIFICAR,"sin señal AIS (radar sí lo detecta): +30 | dentro de 5 millas (posible artesanal sin AIS): +10 | opera en grupo (12 oscuros ese día): +10 | tope de contención: costero sin eslora confirmada → se limita a VERIFICAR, no se acusa",,,Registrada,2026-08-13 18:18:05,2026-08-13T18:18:05
INC-2C2D337C,SAR,2025-10-13,-33.59,-71.66999816894531,dentro_5_millas,44,VERIFICAR,"sin señal AIS (radar sí lo detecta): +30 | dentro de 5 millas (posible artesanal sin AIS): +10 | opera en grupo (12 oscuros ese día): +10 | tope de contención: costero sin eslora confirmada → se limita a VERIFICAR, no se acusa",,,Registrada,2026-08-13 18:18:05,2026-08-13T18:18:05
INC-428FF016,SAR,2025-10-13,-33.6,-71.66000366210938,dentro_5_millas,44,VERIFICAR,"sin señal AIS (radar sí lo detecta): +30 | dentro de 5 millas (posible artesanal sin AIS): +10 | opera en grupo (12 oscuros ese día): +10 | tope de contención: costero sin eslora confirmada → se limita a VERIFICAR, no se acusa",,,Registrada,2026-08-13 18:18:05,2026-08-13T18:18:05
INC-C77A2533,SAR,2025-10-08,-32.16,-71.69999694824219,dentro_5_millas,44,VERIFICAR,"sin señal AIS (radar sí lo detecta): +30 | dentro de 5 millas (posible artesanal sin AIS): +10 | lejos de puerto (69.7 km): +15 | opera en grupo (10 oscuros ese día): +10 | tope de contención: costero sin eslora confirmada → se limita a VERIFICAR, no se acusa",,,Registrada,2026-08-13 18:18:05,2026-08-13T18:18:05
INC-7B0EF8B9,SAR,2025-10-08,-32.99,-71.58999633789062,dentro_5_millas,44,VERIFICAR,"sin señal AIS (radar sí lo detecta): +30 | dentro de 5 millas (posible artesanal sin AIS): +10 | opera en grupo (10 oscuros ese día): +10 | tope de contención: costero sin eslora confirmada → se limita a VERIFICAR, no se acusa",,,Registrada,2026-08-13 18:18:05,2026-08-13T18:18:05
INC-1DBCFF4B,SAR,2025-10-08,-33.01,-71.58999633789062,dentro_5_millas,44,VERIFICAR,"sin señal AIS (radar sí lo detecta): +30 | dentro de 5 millas (posible artesanal sin AIS): +10 | opera en grupo (10 oscuros ese día): +10 | tope de contención: costero sin eslora confirmada → se limita a VERIFICAR, no se acusa",,,Registrada,2026-08-13 18:18:05,2026-08-13T18:18:05
INC-D3BA24F8,SAR,2025-10-08,-32.03,-71.62999725341797,dentro_5_millas,44,VERIFICAR,"sin señal AIS (radar sí lo detecta): +30 | dentro de 5 millas (posible artesanal sin AIS): +10 | lejos de puerto (82.8 km): +15 | opera en grupo (10 oscuros ese día): +10 | tope de contención: costero sin eslora confirmada → se limita a VERIFICAR, no se acusa",,,Registrada,2026-08-13 18:18:05,2026-08-13T18:18:05
INC-F6F135C1,SAR,2025-10-08,-32.76,-71.5199966430664,dentro_5_millas,44,VERIFICAR,"sin señal AIS (radar sí lo detecta): +30 | dentro de 5 millas (posible artesanal sin AIS): +10 | opera en grupo (10 oscuros ese día): +10 | tope de contención: costero sin eslora confirmada → se limita a VERIFICAR, no se acusa",,,Registrada,2026-08-13 18:18:05,2026-08-13T18:18:05
INC-7E738F78,SAR,2025-10-08,-33.0,-71.58999633789062,dentro_5_millas,44,VERIFICAR,"sin señal AIS (radar sí lo detecta): +30 | dentro de 5 millas (posible artesanal sin AIS): +10 | presencia repetida en la misma celda (2 fechas): +15 | opera en grupo (10 oscuros ese día): +10 | tope de contención: costero sin eslora confirmada → se limita a VERIFICAR, no se acusa",,,Registrada,2026-08-13 18:18:05,2026-08-13T18:18:05
INC-C0977461,SAR,2025-10-06,-32.37,-71.56999969482422,dentro_5_millas,44,VERIFICAR,"sin señal AIS (radar sí lo detecta): +30 | dentro de 5 millas (posible artesanal sin AIS): +10 | lejos de puerto (44.6 km): +15 | opera en grupo (6 oscuros ese día): +10 | tope de contención: costero sin eslora confirmada → se limita a VERIFICAR, no se acusa",,,Registrada,2026-08-13 18:18:05,2026-08-13T18:18:05
INC-647DF88B,SAR,2025-10-06,-32.47,-71.56999969482422,dentro_5_millas,44,VERIFICAR,"sin señal AIS (radar sí lo detecta): +30 | dentro de 5 millas (posible artesanal sin AIS): +10 | lejos de puerto (33.6 km): +15 | opera en grupo (6 oscuros ese día): +10 | tope de contención: costero sin eslora confirmada → se limita a VERIFICAR, no se acusa",,,Registrada,2026-08-13 18:18:05,2026-08-13T18:18:05
INC-5BC8DCE7,SAR,2025-10-06,-32.36,-71.66999816894531,dentro_5_millas,44,VERIFICAR,"sin señal AIS (radar sí lo detecta): +30 | dentro de 5 millas (posible artesanal sin AIS): +10 | lejos de puerto (47.4 km): +15 | opera en grupo (6 oscuros ese día): +10 | tope de contención: costero sin eslora confirmada → se limita a VERIFICAR, no se acusa",,,Registrada,2026-08-13 18:18:05,2026-08-13T18:18:05
INC-34C7D97C,SAR,2024-10-25,-33.01,-71.58000183105469,dentro_5_millas,40,VERIFICAR,sin señal AIS (radar sí lo detecta): +30 | dentro de 5 millas (posible artesanal sin AIS): +10,,,Registrada,2026-08-13 18:18:05,2026-08-13T18:18:05
INC-C64210FB,SAR,2024-10-25,-33.6,-71.66000366210938,dentro_5_millas,40,VERIFICAR,sin señal AIS (radar sí lo detecta): +30 | dentro de 5 millas (posible artesanal sin AIS): +10,,,Registrada,2026-08-13 18:18:05,2026-08-13T18:18:05
INC-C6C0DD28,SAR,2024-10-18,-33.6,-71.66999816894531,dentro_5_millas,40,VERIFICAR,sin señal AIS (radar sí lo detecta): +30 | dentro de 5 millas (posible artesanal sin AIS): +10,,,Registrada,2026-08-13 18:18:05,2026-08-13T18:18:05
