date,detections,flag,gear_type,hours,vessel_ids,vessel_id,vessel_type,entry_timestamp,exit_timestamp,first_transmission_date,last_transmission_date,imo,mmsi,call_sign,dataset,report_dataset,ship_name,lat,lon
2025-10-06,1,MHL,CARGO,,,bbcdc1041-11f6-fae1-e9dc-83fab0cbd2f3,CARGO,2025-10-06 10:04:41+00:00,2025-10-08 23:28:20+00:00,2019-02-19 08:55:50+00:00,2026-07-24 23:59:18+00:00,9839844,538008296,V7A2207,public-global-vessel-identity:v4.0,public-global-sar-presence:v4.0,ALEXANDRA KPN,-33.61,-71.69000244140625
2025-10-30,1,CHL,BUNKER,,,f4a86b3b1-1273-6eef-749d-2c097b425420,BUNKER,2025-10-30 10:04:41+00:00,2025-10-30 10:04:41+00:00,2022-08-18 15:06:00+00:00,2026-07-24 23:59:57+00:00,9420758,725004499,CBUM,public-global-vessel-identity:v4.0,public-global-sar-presence:v4.0,PUMA,-32.76,-71.5199966430664
2025-10-30,1,,,,,,,2025-10-01 23:36:29+00:00,2025-10-30 10:04:41+00:00,,,,,,,public-global-sar-presence:v4.0,,-32.75,-71.61000061035156
2025-10-20,1,,,,,,,2025-10-01 23:36:29+00:00,2025-10-30 10:04:41+00:00,,,,,,,public-global-sar-presence:v4.0,,-32.9,-71.63999938964844
2025-10-06,1,PRT,CARGO,,,f58a85bdb-b6ec-a473-70e0-425277a184d1,CARGO,2025-10-01 23:36:29+00:00,2025-10-18 10:04:41+00:00,2021-07-15 15:46:23+00:00,2026-07-24 23:36:06+00:00,9769697,255727000,CQIR,public-global-vessel-identity:v4.0,public-global-sar-presence:v4.0,NANJING CONFIDENCE,-33.6,-71.69000244140625
2025-10-20,1,,,,,,,2025-10-01 23:36:29+00:00,2025-10-30 10:04:41+00:00,,,,,,,public-global-sar-presence:v4.0,,-33.11,-72.23999786376953
2025-10-30,1,CHL,NA,,,7f69bd082-2ca7-86ce-3e64-bb72034b7d3b,FISHING,2025-10-30 10:04:41+00:00,2025-10-30 10:04:41+00:00,2025-05-02 17:25:23+00:00,2026-07-24 08:19:46+00:00,,725000434,CB3496,public-global-vessel-identity:v4.0,public-global-sar-presence:v4.0,FOCHE,-33.62,-71.83999633789062
2025-10-13,1,,,,,,,2025-10-01 23:36:29+00:00,2025-10-30 10:04:41+00:00,,,,,,,public-global-sar-presence:v4.0,,-33.41,-72.02999877929688
2025-10-18,1,MLT,CARGO,,,30a33d85c-cd85-1849-f84f-7fb90795d062,CARGO,2025-10-18 10:04:41+00:00,2025-10-18 10:04:41+00:00,2023-05-10 05:40:15+00:00,2026-07-24 23:56:35+00:00,9635640,256490000,9HA5860,public-global-vessel-identity:v4.0,public-global-sar-presence:v4.0,CMA CGM RIMBAUD,-33.53,-71.7300033569336
2025-10-20,1,,,,,,,2025-10-01 23:36:29+00:00,2025-10-30 10:04:41+00:00,,,,,,,public-global-sar-presence:v4.0,,-33.01,-71.58000183105469
2025-10-18,1,CHL,DRIFTING_LONGLINES,,,b0d3d9773-3ac1-6f5f-6317-d394f5224633,FISHING,2025-10-18 10:04:41+00:00,2025-10-18 10:04:41+00:00,2022-10-07 21:30:52+00:00,2026-07-24 16:38:21+00:00,,725004603,CB8222,public-global-vessel-identity:v4.0,public-global-sar-presence:v4.0,LM MARJUXI IV,-33.11,-72.06999969482422
2025-10-20,1,,,,,,,2025-10-01 23:36:29+00:00,2025-10-30 10:04:41+00:00,,,,,,,public-global-sar-presence:v4.0,,-33.68,-72.31999969482422
2025-10-30,1,CHL,OTHER,,,df5677db5-5609-5a79-050d-d79c0fb3c261,OTHER,2025-10-30 10:04:41+00:00,2025-10-30 10:04:41+00:00,2023-02-23 14:17:56+00:00,2026-07-24 23:58:01+00:00,9778727,725004760,CBCY,public-global-vessel-identity:v4.0,public-global-sar-presence:v4.0,CABO TAMAR,-32.75,-71.51000213623047
2025-10-08,1,,,,,,,2025-10-01 23:36:29+00:00,2025-10-30 10:04:41+00:00,,,,,,,public-global-sar-presence:v4.0,,-32.94,-71.7300033569336
2025-10-30,1,HKG,CARGO,,,6a6a3dff1-10ac-a718-5ce2-3926e8e02a33,CARGO,2025-10-30 10:04:41+00:00,2025-10-30 10:04:41+00:00,2012-01-01 00:58:34+00:00,2026-07-24 23:55:11+00:00,9446958,477197900,VREY9,public-global-vessel-identity:v4.0,public-global-sar-presence:v4.0,JIN WAN,-33.0,-71.58000183105469
2025-10-20,1,,,,,,,2025-10-01 23:36:29+00:00,2025-10-30 10:04:41+00:00,,,,,,,public-global-sar-presence:v4.0,,-33.73,-72.26000213623047
2025-10-06,1,,,,,,,2025-10-01 23:36:29+00:00,2025-10-30 10:04:41+00:00,,,,,,,public-global-sar-presence:v4.0,,-33.36,-71.91999816894531
2025-10-13,1,,,,,,,2025-10-01 23:36:29+00:00,2025-10-30 10:04:41+00:00,,,,,,,public-global-sar-presence:v4.0,,-33.29,-71.87000274658203
2025-10-20,1,,,,,,,2025-10-01 23:36:29+00:00,2025-10-30 10:04:41+00:00,,,,,,,public-global-sar-presence:v4.0,,-32.48,-71.58000183105469
2025-10-20,1,,,,,,,2025-10-01 23:36:29+00:00,2025-10-30 10:04:41+00:00,,,,,,,public-global-sar-presence:v4.0,,-33.63,-71.93000030517578
2025-10-08,1,PAN,CARGO,,,28dee85b0-060a-b006-382d-9be2de1d1e6f,CARGO,2025-10-08 23:28:20+00:00,2025-10-08 23:28:20+00:00,2015-06-22 00:33:40+00:00,2026-07-24 23:59:23+00:00,9363948,353332000,3FFS3,public-global-vessel-identity:v4.0,public-global-sar-presence:v4.0,LAVENDER ACE,-33.6,-71.66999816894531
2025-10-06,1,,,,,,,2025-10-01 23:36:29+00:00,2025-10-30 10:04:41+00:00,,,,,,,public-global-sar-presence:v4.0,,-32.37,-71.56999969482422
2025-10-06,1,,,,,,,2025-10-01 23:36:29+00:00,2025-10-30 10:04:41+00:00,,,,,,,public-global-sar-presence:v4.0,,-32.01,-71.94999694824219
2025-10-08,1,,,,,,,2025-10-01 23:36:29+00:00,2025-10-30 10:04:41+00:00,,,,,,,public-global-sar-presence:v4.0,,-32.16,-71.69999694824219
2025-10-30,1,BHS,CARGO,,,340a7e125-53d1-57d9-bcb0-2a6080492e16,CARGO,2025-10-30 10:04:41+00:00,2025-10-30 10:04:41+00:00,2012-01-01 02:49:09+00:00,2026-07-24 23:59:54+00:00,9441568,311040800,C6YP3,public-global-vessel-identity:v4.0,public-global-sar-presence:v4.0,HARMONY LEADER,-33.55,-72.1500015258789
2025-10-30,1,,,,,,,2025-10-01 23:36:29+00:00,2025-10-30 10:04:41+00:00,,,,,,,public-global-sar-presence:v4.0,,-33.44,-71.93000030517578
2025-10-20,1,MHL,CARGO,,,cc3e57230-07e6-4a8a-9f5a-6f3399f8b2e4,CARGO,2025-10-18 10:04:41+00:00,2025-10-25 23:36:29+00:00,2013-03-26 03:53:49+00:00,2026-07-24 23:59:51+00:00,9467615,538005074,V7AV3,public-global-vessel-identity:v4.0,public-global-sar-presence:v4.0,BIANCA,-33.6,-71.68000030517578
2025-10-25,1,BHS,CARGO,,,29478b812-2ca9-0264-8443-908a28ffb558,CARGO,2025-10-06 10:04:41+00:00,2025-10-25 23:36:29+00:00,2022-03-22 01:39:21+00:00,2026-07-24 23:59:05+00:00,9527960,311001134,C6FK8,public-global-vessel-identity:v4.0,public-global-sar-presence:v4.0,AETOS,-33.61,-71.66000366210938
2025-10-20,1,,,,,,,2025-10-01 23:36:29+00:00,2025-10-30 10:04:41+00:00,,,,,,,public-global-sar-presence:v4.0,,-32.12,-71.95999908447266
2025-10-13,1,,,,,,,2025-10-01 23:36:29+00:00,2025-10-30 10:04:41+00:00,,,,,,,public-global-sar-presence:v4.0,,-33.62,-71.66999816894531
2025-10-30,1,LBR,CARGO,,,5e9ba5f88-8b90-0c74-466d-28eef512c87c,CARGO,2025-10-30 10:04:41+00:00,2025-10-30 10:04:41+00:00,2020-04-15 03:34:14+00:00,2026-07-24 23:57:01+00:00,9860415,636019820,D5WH9,public-global-vessel-identity:v4.0,public-global-sar-presence:v4.0,FEDERAL OAK,-33.01,-71.58999633789062
2025-10-25,1,MHL,CARGO,,,cc3e57230-07e6-4a8a-9f5a-6f3399f8b2e4,CARGO,2025-10-18 10:04:41+00:00,2025-10-25 23:36:29+00:00,2013-03-26 03:53:49+00:00,2026-07-24 23:59:51+00:00,9467615,538005074,V7AV3,public-global-vessel-identity:v4.0,public-global-sar-presence:v4.0,BIANCA,-33.6,-71.68000030517578
2025-10-25,1,SGP,CARGO,,,d0cbd8899-9cfc-d581-65bb-c84d6e00a97a,CARGO,2025-10-18 10:04:41+00:00,2025-10-25 23:36:29+00:00,2023-12-22 00:27:19+00:00,2026-07-24 23:59:55+00:00,9977921,563215700,9V8923,public-global-vessel-identity:v4.0,public-global-sar-presence:v4.0,OCEAN BLISS,-33.6,-71.66999816894531
2025-10-20,1,,,,,,,2025-10-01 23:36:29+00:00,2025-10-30 10:04:41+00:00,,,,,,,public-global-sar-presence:v4.0,,-33.72,-72.30000305175781
2025-10-20,1,,,,,,,2025-10-01 23:36:29+00:00,2025-10-30 10:04:41+00:00,,,,,,,public-global-sar-presence:v4.0,,-32.73,-71.66000366210938
2025-10-30,1,,,,,,,2025-10-01 23:36:29+00:00,2025-10-30 10:04:41+00:00,,,,,,,public-global-sar-presence:v4.0,,-33.45,-71.97000122070312
2025-10-20,1,,,,,,,2025-10-01 23:36:29+00:00,2025-10-30 10:04:41+00:00,,,,,,,public-global-sar-presence:v4.0,,-32.81,-72.43000030517578
2025-10-20,1,,,,,,,2025-10-01 23:36:29+00:00,2025-10-30 10:04:41+00:00,,,,,,,public-global-sar-presence:v4.0,,-32.76,-71.51000213623047
2025-10-01,1,PAN,CARGO,,,ece095a6a-a721-2f0c-1eb3-6d1df8ade7e7,CARGO,2025-10-01 23:36:29+00:00,2025-10-01 23:36:29+00:00,2012-01-04 03:24:02+00:00,2026-07-24 04:17:12+00:00,9339844,371147000,3EPV3,public-global-vessel-identity:v4.0,public-global-sar-presence:v4.0,GRAND PEARL,-33.5,-72.25
2025-10-01,1,PRT,CARGO,,,f58a85bdb-b6ec-a473-70e0-425277a184d1,CARGO,2025-10-01 23:36:29+00:00,2025-10-18 10:04:41+00:00,2021-07-15 15:46:23+00:00,2026-07-24 23:36:06+00:00,9769697,255727000,CQIR,public-global-vessel-identity:v4.0,public-global-sar-presence:v4.0,NANJING CONFIDENCE,-33.6,-71.69000244140625
2025-10-18,1,,,,,,,2025-10-01 23:36:29+00:00,2025-10-30 10:04:41+00:00,,,,,,,public-global-sar-presence:v4.0,,-33.49,-72.30000305175781
2025-10-20,1,,,,,,,2025-10-01 23:36:29+00:00,2025-10-30 10:04:41+00:00,,,,,,,public-global-sar-presence:v4.0,,-32.16,-72.0199966430664
2025-10-13,1,,,,,,,2025-10-01 23:36:29+00:00,2025-10-30 10:04:41+00:00,,,,,,,public-global-sar-presence:v4.0,,-33.34,-72.05999755859375
2025-10-13,1,,,,,,,2025-10-01 23:36:29+00:00,2025-10-30 10:04:41+00:00,,,,,,,public-global-sar-presence:v4.0,,-33.39,-71.9000015258789
2025-10-30,1,,,,,,,2025-10-01 23:36:29+00:00,2025-10-30 10:04:41+00:00,,,,,,,public-global-sar-presence:v4.0,,-32.49,-71.6500015258789
2025-10-20,1,SGP,CARGO,,,d0cbd8899-9cfc-d581-65bb-c84d6e00a97a,CARGO,2025-10-18 10:04:41+00:00,2025-10-25 23:36:29+00:00,2023-12-22 00:27:19+00:00,2026-07-24 23:59:55+00:00,9977921,563215700,9V8923,public-global-vessel-identity:v4.0,public-global-sar-presence:v4.0,OCEAN BLISS,-33.6,-71.66999816894531
2025-10-01,1,CHL,CARGO,,,54d8a2989-9c10-29eb-d5bc-2ece03e37796,CARGO,2025-10-01 23:36:29+00:00,2025-10-01 23:36:29+00:00,2012-08-03 21:56:21+00:00,2026-07-24 23:58:12+00:00,9232981,725019910,CBPY,public-global-vessel-identity:v4.0,public-global-sar-presence:v4.0,COPIHUE,-33.59,-71.66000366210938
2025-10-06,1,,,,,,,2025-10-01 23:36:29+00:00,2025-10-30 10:04:41+00:00,,,,,,,public-global-sar-presence:v4.0,,-33.73,-71.87999725341797
2025-10-18,1,MHL,CARGO,,,e6a73cb26-6c9f-dba4-77f2-37ede4e4830b,CARGO,2025-10-18 10:04:41+00:00,2025-10-20 23:28:19+00:00,2015-10-10 07:53:16+00:00,2026-07-24 23:58:23+00:00,9705330,538006013,V7IY5,public-global-vessel-identity:v4.0,public-global-sar-presence:v4.0,VANNA,-33.59,-71.66000366210938
2025-10-08,1,HKG,CARGO,,,3037a9306-6f2c-75ce-9c48-22ef438cb612,CARGO,2025-10-06 10:04:41+00:00,2025-10-08 23:28:20+00:00,2021-05-04 07:27:14+00:00,2026-07-24 23:59:49+00:00,9705304,477681700,VRTX5,public-global-vessel-identity:v4.0,public-global-sar-presence:v4.0,NORTH ISLAND,-33.6,-71.66000366210938
2025-10-06,1,PAN,CARGO,,,6d2d20612-2b1b-b162-848e-b45a3176d01c,CARGO,2025-10-06 10:04:41+00:00,2025-10-08 23:28:20+00:00,2012-01-03 03:52:32+00:00,2026-07-24 23:57:01+00:00,9110975,371443000,3ECR5,public-global-vessel-identity:v4.0,public-global-sar-presence:v4.0,MSC JAPAN III,-33.36,-72.7699966430664
2025-10-08,1,PAN,CARGO,,,6d2d20612-2b1b-b162-848e-b45a3176d01c,CARGO,2025-10-06 10:04:41+00:00,2025-10-08 23:28:20+00:00,2012-01-03 03:52:32+00:00,2026-07-24 23:57:01+00:00,9110975,371443000,3ECR5,public-global-vessel-identity:v4.0,public-global-sar-presence:v4.0,MSC JAPAN III,-33.7,-72.12999725341797
2025-10-06,1,MHL,CARGO,,,2b06b0298-83d8-cd66-3a06-6bcc97605301,CARGO,2025-10-06 10:04:41+00:00,2025-10-06 10:04:41+00:00,2017-12-25 04:24:46+00:00,2026-07-24 23:59:14+00:00,9811490,538007823,V7DY4,public-global-vessel-identity:v4.0,public-global-sar-presence:v4.0,LESEDI QUEEN,-33.0,-71.58000183105469
2025-10-30,1,CHL,OTHER_PURSE_SEINES,,,14eb06a15-5c63-5ed0-fba3-a541eec346b5,FISHING,2025-10-30 10:04:41+00:00,2025-10-30 10:04:41+00:00,2012-01-01 04:33:22+00:00,2026-07-24 23:59:21+00:00,9184407,725003670,CBJS,public-global-vessel-identity:v4.0,public-global-sar-presence:v4.0,SAN JOSE,-33.72,-72.37999725341797
2025-10-18,1,,,,,,,2025-10-01 23:36:29+00:00,2025-10-30 10:04:41+00:00,,,,,,,public-global-sar-presence:v4.0,,-32.2,-71.62000274658203
2025-10-20,1,,,,,,,2025-10-01 23:36:29+00:00,2025-10-30 10:04:41+00:00,,,,,,,public-global-sar-presence:v4.0,,-33.0,-71.58999633789062
2025-10-20,1,,,,,,,2025-10-01 23:36:29+00:00,2025-10-30 10:04:41+00:00,,,,,,,public-global-sar-presence:v4.0,,-32.53,-71.94000244140625
2025-10-30,1,CHL,OTHER,,,315b16a94-43d0-1287-530e-aa89d629d8f5,OTHER,2025-10-30 10:04:41+00:00,2025-10-30 10:04:41+00:00,2017-11-07 15:27:48+00:00,2026-07-24 23:57:05+00:00,9778674,725002004,CBDV,public-global-vessel-identity:v4.0,public-global-sar-presence:v4.0,CABO VICTORIA,-32.76,-71.51000213623047
2025-10-06,1,LBR,CARGO,,,2a69d76c9-9951-495f-7d9f-e05889c55a4f,CARGO,2025-10-06 10:04:41+00:00,2025-10-06 10:04:41+00:00,2023-08-08 05:18:53+00:00,2026-07-24 23:59:54+00:00,9960497,636023074,5LLV2,public-global-vessel-identity:v4.0,public-global-sar-presence:v4.0,SPARROW,-33.58,-71.6500015258789
2025-10-01,1,,,,,,,2025-10-01 23:36:29+00:00,2025-10-30 10:04:41+00:00,,,,,,,public-global-sar-presence:v4.0,,-33.67,-72.06999969482422
2025-10-18,1,SGP,CARGO,,,d0cbd8899-9cfc-d581-65bb-c84d6e00a97a,CARGO,2025-10-18 10:04:41+00:00,2025-10-25 23:36:29+00:00,2023-12-22 00:27:19+00:00,2026-07-24 23:59:55+00:00,9977921,563215700,9V8923,public-global-vessel-identity:v4.0,public-global-sar-presence:v4.0,OCEAN BLISS,-33.6,-71.66000366210938
2025-10-30,1,,,,,,,2025-10-01 23:36:29+00:00,2025-10-30 10:04:41+00:00,,,,,,,public-global-sar-presence:v4.0,,-33.46,-71.86000061035156
2025-10-01,1,CHL,OTHER,,,5e775faa4-4594-456c-7ceb-25ce823eaaf6,OTHER,2025-10-01 23:36:29+00:00,2025-10-01 23:36:29+00:00,2012-01-02 11:40:44+00:00,2026-07-24 23:59:01+00:00,9287819,725000794,CBDH,public-global-vessel-identity:v4.0,public-global-sar-presence:v4.0,DON PANCHO II,-33.6,-71.80000305175781
2025-10-06,1,PAN,CARGO,,,b1ab38944-417f-64f6-02a9-ae6cd4b8554b,CARGO,2025-10-06 10:04:41+00:00,2025-10-06 10:04:41+00:00,2012-01-07 15:04:45+00:00,2026-07-02 18:50:13+00:00,9325221,372399000,3EIU3,public-global-vessel-identity:v4.0,public-global-sar-presence:v4.0,GRAND RUBY,-33.48,-71.76000213623047
2025-10-18,1,,,,,,,2025-10-01 23:36:29+00:00,2025-10-30 10:04:41+00:00,,,,,,,public-global-sar-presence:v4.0,,-32.99,-71.61000061035156
2025-10-20,1,MHL,CARGO,,,e6a73cb26-6c9f-dba4-77f2-37ede4e4830b,CARGO,2025-10-18 10:04:41+00:00,2025-10-20 23:28:19+00:00,2015-10-10 07:53:16+00:00,2026-07-24 23:58:23+00:00,9705330,538006013,V7IY5,public-global-vessel-identity:v4.0,public-global-sar-presence:v4.0,VANNA,-33.59,-71.66999816894531
2025-10-18,1,LBR,CARGO,,,c786b0387-768a-8a98-b712-57eca68d7791,CARGO,2025-10-18 10:04:41+00:00,2025-10-18 10:04:41+00:00,2025-05-25 03:01:51+00:00,2026-07-24 23:52:42+00:00,9990234,636023482,5LNX9,public-global-vessel-identity:v4.0,public-global-sar-presence:v4.0,CHENGKANGKOU,-33.5,-71.91999816894531
2025-10-30,1,CHL,PURSE_SEINES,,,8da1b1e46-6e3c-eaf1-9619-4517d6b51140,FISHING,2025-10-30 10:04:41+00:00,2025-10-30 10:04:41+00:00,2019-02-27 15:15:57+00:00,2026-04-25 05:44:03+00:00,,725000269,CB4941,public-global-vessel-identity:v4.0,public-global-sar-presence:v4.0,CORAL 1,-33.62,-71.83000183105469
2025-10-13,1,,,,,,,2025-10-01 23:36:29+00:00,2025-10-30 10:04:41+00:00,,,,,,,public-global-sar-presence:v4.0,,-33.52,-71.7300033569336
2025-10-01,1,LBR,CARGO,,,28f9ec167-7e29-285a-cc8b-c59a7b084956,CARGO,2025-10-01 23:36:29+00:00,2025-10-01 23:36:29+00:00,2022-05-26 06:22:26+00:00,2026-07-24 23:58:33+00:00,9301330,636021888,5LGE5,public-global-vessel-identity:v4.0,public-global-sar-presence:v4.0,MSC FREEPORT,-33.72,-71.93000030517578
2025-10-01,1,CHL,OTHER,,,784439404-4a7f-fc58-69d8-c051f8049fbe,OTHER,2025-10-01 23:36:29+00:00,2025-10-01 23:36:29+00:00,2016-01-02 18:16:56+00:00,2026-07-24 23:49:27+00:00,9403293,725026000,CBLC,public-global-vessel-identity:v4.0,public-global-sar-presence:v4.0,ALPACA,-33.59,-71.66999816894531
2025-10-25,1,,,,,,,2025-10-01 23:36:29+00:00,2025-10-30 10:04:41+00:00,,,,,,,public-global-sar-presence:v4.0,,-33.56,-71.83000183105469
2025-10-30,1,,,,,,,2025-10-01 23:36:29+00:00,2025-10-30 10:04:41+00:00,,,,,,,public-global-sar-presence:v4.0,,-33.58,-72.31999969482422
2025-10-25,1,PAN,CARGO,,,354a0fc12-2c27-71eb-b8c8-894e4607f60e,CARGO,2025-10-20 23:28:19+00:00,2025-10-30 10:04:41+00:00,2021-10-22 04:34:33+00:00,2026-07-24 23:57:13+00:00,9914486,352898687,3E3601,public-global-vessel-identity:v4.0,public-global-sar-presence:v4.0,NORD ANTHEM,-33.61,-71.68000030517578
2025-10-08,1,,,,,,,2025-10-01 23:36:29+00:00,2025-10-30 10:04:41+00:00,,,,,,,public-global-sar-presence:v4.0,,-33.01,-71.58999633789062
2025-10-01,1,MLT,CARGO,,,27b7c480d-db46-1185-1596-8564a7d8cea9,CARGO,2025-10-01 23:36:29+00:00,2025-10-01 23:36:29+00:00,2012-10-23 02:40:26+00:00,2026-01-18 01:52:50+00:00,9595979,229276000,9HA3194,public-global-vessel-identity:v4.0,public-global-sar-presence:v4.0,PEBBLE BEACH,-33.6,-71.66000366210938
2025-10-08,1,,,,,,,2025-10-01 23:36:29+00:00,2025-10-30 10:04:41+00:00,,,,,,,public-global-sar-presence:v4.0,,-32.99,-71.58999633789062
2025-10-06,1,PAN,CARGO,,,2e9067735-588f-69d4-2409-7e6c5aa0fb84,CARGO,2025-10-06 10:04:41+00:00,2025-10-06 10:04:41+00:00,2022-10-15 05:31:20+00:00,2026-07-24 23:59:57+00:00,9928188,352002065,3E3754,public-global-vessel-identity:v4.0,public-global-sar-presence:v4.0,MAERSK ACADIA,-33.4,-71.93000030517578
2025-10-18,1,,,,,,,2025-10-01 23:36:29+00:00,2025-10-30 10:04:41+00:00,,,,,,,public-global-sar-presence:v4.0,,-32.55,-71.61000061035156
2025-10-06,1,LBR,CARGO,,,36c771067-7698-416c-4418-ceda133a6ebd,CARGO,2025-10-01 23:36:29+00:00,2025-10-18 10:04:41+00:00,2022-05-15 00:27:22+00:00,2026-07-24 23:59:23+00:00,9932127,636093089,5LEY5,public-global-vessel-identity:v4.0,public-global-sar-presence:v4.0,BBC SATURN,-33.0,-71.58999633789062
2025-10-18,1,MHL,CARGO,,,c4bba339d-d27a-f4e8-37fd-824b30e06b3e,CARGO,2025-10-18 10:04:41+00:00,2025-10-18 10:04:41+00:00,2017-09-25 19:22:35+00:00,2026-07-24 23:59:06+00:00,9548823,538007656,V7ZD8,public-global-vessel-identity:v4.0,public-global-sar-presence:v4.0,STAR NAVARRA,-33.01,-71.58999633789062
2025-10-30,1,,,,,,,2025-10-01 23:36:29+00:00,2025-10-30 10:04:41+00:00,,,,,,,public-global-sar-presence:v4.0,,-32.95,-71.58000183105469
2025-10-18,1,PAN,CARGO,,,eb4041a94-46d3-504f-9e24-c789b9e6e33e,CARGO,2025-10-18 10:04:41+00:00,2025-10-18 10:04:41+00:00,2012-01-01 00:26:57+00:00,2026-06-30 16:46:13+00:00,9228306,355029000,H3LL,public-global-vessel-identity:v4.0,public-global-sar-presence:v4.0,GRAND MARK,-33.38,-72.08000183105469
2025-10-18,1,,,,,,,2025-10-01 23:36:29+00:00,2025-10-30 10:04:41+00:00,,,,,,,public-global-sar-presence:v4.0,,-32.45,-71.56999969482422
2025-10-18,1,JPN,CARGO,,,81308d231-1bc0-c6a0-ba85-cdcf431805fa,CARGO,2025-10-18 10:04:41+00:00,2025-10-18 10:04:41+00:00,2017-08-11 01:33:14+00:00,2026-07-24 23:59:58+00:00,9392353,431432000,7JZX,public-global-vessel-identity:v4.0,public-global-sar-presence:v4.0,MERCURY LEADER,-33.19,-71.9800033569336
2025-10-06,1,MHL,CARGO,,,5600cbad8-8ed4-a839-c1d9-27f5233fc0e6,CARGO,2025-10-01 23:36:29+00:00,2025-10-06 10:04:41+00:00,2023-07-15 07:10:24+00:00,2026-07-24 23:59:01+00:00,9964352,538010730,V7A7334,public-global-vessel-identity:v4.0,public-global-sar-presence:v4.0,MAGELLAN ETERNITY,-33.62,-71.66999816894531
2025-10-30,1,CHL,OTHER_PURSE_SEINES,,,d049e7bf4-457e-03d6-3470-a015e78cb26e,FISHING,2025-10-30 10:04:41+00:00,2025-10-30 10:04:41+00:00,2024-01-09 16:45:31+00:00,2026-07-24 23:59:55+00:00,9165138,725004500,CBLN,public-global-vessel-identity:v4.0,public-global-sar-presence:v4.0,LONCO,-33.4,-72.80000305175781
2025-10-20,1,,,,,,,2025-10-01 23:36:29+00:00,2025-10-30 10:04:41+00:00,,,,,,,public-global-sar-presence:v4.0,,-33.22,-71.83999633789062
2025-10-06,1,MHL,OTHER,,,4dbde2aeb-bc6f-dc14-f928-c8c89b1c79e5,OTHER,2025-10-06 10:04:41+00:00,2025-10-06 10:04:41+00:00,2012-01-08 10:55:08+00:00,2026-07-24 23:58:38+00:00,9470260,538004377,V7WR9,public-global-vessel-identity:v4.0,public-global-sar-presence:v4.0,SEAWAYS  ATHENS,-32.71,-71.72000122070312
2025-10-06,1,HKG,OTHER,,,e79e08f71-191b-b06d-e4b9-fd411aee16af,OTHER,2025-10-06 10:04:41+00:00,2025-10-06 10:04:41+00:00,2015-12-27 01:07:47+00:00,2026-07-24 23:57:19+00:00,9764520,477900100,VRPC7,public-global-vessel-identity:v4.0,public-global-sar-presence:v4.0,AMBER BAY,-32.67,-71.87999725341797
2025-10-18,1,LBR,CARGO,,,36c771067-7698-416c-4418-ceda133a6ebd,CARGO,2025-10-01 23:36:29+00:00,2025-10-18 10:04:41+00:00,2022-05-15 00:27:22+00:00,2026-07-24 23:59:23+00:00,9932127,636093089,5LEY5,public-global-vessel-identity:v4.0,public-global-sar-presence:v4.0,BBC SATURN,-33.0,-71.58999633789062
2025-10-30,1,CHL,OTHER,,,33323a16f-f536-e7e9-568b-c6381bb408de,OTHER,2025-10-30 10:04:41+00:00,2025-10-30 10:04:41+00:00,2022-01-14 15:05:24+00:00,2026-07-24 23:59:58+00:00,9890848,725004222,CA8694,public-global-vessel-identity:v4.0,public-global-sar-presence:v4.0,PODEROSO I,-33.01,-71.62000274658203
2025-10-06,1,,,,,,,2025-10-01 23:36:29+00:00,2025-10-30 10:04:41+00:00,,,,,,,public-global-sar-presence:v4.0,,-32.47,-71.56999969482422
2025-10-20,1,,,,,,,2025-10-01 23:36:29+00:00,2025-10-30 10:04:41+00:00,,,,,,,public-global-sar-presence:v4.0,,-32.25,-72.23999786376953
2025-10-01,1,KOR,CARGO,,,0e30d14f1-1d42-15ab-71bd-9621c91663eb,CARGO,2025-10-01 23:36:29+00:00,2025-10-01 23:36:29+00:00,2023-09-05 03:33:13+00:00,2026-07-24 23:45:59+00:00,9367592,440334000,D7JC,public-global-vessel-identity:v4.0,public-global-sar-presence:v4.0,MORNING NINNI,-33.49,-71.88999938964844
2025-10-08,1,MHL,CARGO,,,7345755de-efcc-1c17-2c9b-93d273d169b8,CARGO,2025-10-08 23:28:20+00:00,2025-10-18 10:04:41+00:00,2023-05-12 02:09:20+00:00,2026-07-24 23:54:49+00:00,9958896,538010590,V7A6263,public-global-vessel-identity:v4.0,public-global-sar-presence:v4.0,PACIFIC ETERNITY,-33.62,-71.66999816894531
2025-10-30,1,SGP,CARGO,,,701805f7c-c21a-114c-f794-dcb27146a9e1,CARGO,2025-10-30 10:04:41+00:00,2025-10-30 10:04:41+00:00,2020-09-18 11:41:27+00:00,2026-07-24 23:59:20+00:00,9786762,563103200,9V6726,public-global-vessel-identity:v4.0,public-global-sar-presence:v4.0,POLAR COLOMBIA,-33.68,-71.9000015258789
2025-10-01,1,BHS,CARGO,,,755420423-3862-a849-c088-e4959668d840,CARGO,2025-10-01 23:36:29+00:00,2025-10-01 23:36:29+00:00,2012-01-07 12:43:02+00:00,2026-07-24 23:57:59+00:00,9391567,311003300,C6WY9,public-global-vessel-identity:v4.0,public-global-sar-presence:v4.0,GENTLE LEADER,-33.6,-71.75
2025-10-20,1,PAN,CARGO,,,354a0fc12-2c27-71eb-b8c8-894e4607f60e,CARGO,2025-10-20 23:28:19+00:00,2025-10-30 10:04:41+00:00,2021-10-22 04:34:33+00:00,2026-07-24 23:57:13+00:00,9914486,352898687,3E3601,public-global-vessel-identity:v4.0,public-global-sar-presence:v4.0,NORD ANTHEM,-33.61,-71.68000030517578
2025-10-13,1,,,,,,,2025-10-01 23:36:29+00:00,2025-10-30 10:04:41+00:00,,,,,,,public-global-sar-presence:v4.0,,-33.49,-72.0
2025-10-13,1,,,,,,,2025-10-01 23:36:29+00:00,2025-10-30 10:04:41+00:00,,,,,,,public-global-sar-presence:v4.0,,-33.6,-71.69000244140625
2025-10-30,1,CHL,OTHER,,,45f3fbdbd-db33-63ea-f81c-2235ca156589,OTHER,2025-10-30 10:04:41+00:00,2025-10-30 10:04:41+00:00,2015-09-07 20:25:19+00:00,2026-07-24 23:53:35+00:00,7805150,725001467,CBTK,public-global-vessel-identity:v4.0,public-global-sar-presence:v4.0,ESSO HARSTAD,-32.77,-71.81999969482422
2025-10-20,1,,,,,,,2025-10-01 23:36:29+00:00,2025-10-30 10:04:41+00:00,,,,,,,public-global-sar-presence:v4.0,,-32.75,-71.69000244140625
2025-10-08,1,,,,,,,2025-10-01 23:36:29+00:00,2025-10-30 10:04:41+00:00,,,,,,,public-global-sar-presence:v4.0,,-33.54,-72.08000183105469
2025-10-18,1,PRT,CARGO,,,f58a85bdb-b6ec-a473-70e0-425277a184d1,CARGO,2025-10-01 23:36:29+00:00,2025-10-18 10:04:41+00:00,2021-07-15 15:46:23+00:00,2026-07-24 23:36:06+00:00,9769697,255727000,CQIR,public-global-vessel-identity:v4.0,public-global-sar-presence:v4.0,NANJING CONFIDENCE,-33.59,-71.68000030517578
2025-10-08,1,,,,,,,2025-10-01 23:36:29+00:00,2025-10-30 10:04:41+00:00,,,,,,,public-global-sar-presence:v4.0,,-33.44,-71.83000183105469
2025-10-08,1,,,,,,,2025-10-01 23:36:29+00:00,2025-10-30 10:04:41+00:00,,,,,,,public-global-sar-presence:v4.0,,-32.03,-71.62999725341797
2025-10-25,1,MHL,CARGO,,,42a1fcc25-5039-2973-9607-6cdb8867b319,CARGO,2025-10-25 23:36:29+00:00,2025-10-30 10:04:41+00:00,2016-09-27 03:13:59+00:00,2026-07-24 23:59:53+00:00,9738375,538007169,V7QU5,public-global-vessel-identity:v4.0,public-global-sar-presence:v4.0,TS INDEX,-33.59,-71.68000030517578
2025-10-13,1,,,,,,,2025-10-01 23:36:29+00:00,2025-10-30 10:04:41+00:00,,,,,,,public-global-sar-presence:v4.0,,-33.6,-71.66000366210938
2025-10-13,1,,,,,,,2025-10-01 23:36:29+00:00,2025-10-30 10:04:41+00:00,,,,,,,public-global-sar-presence:v4.0,,-33.59,-71.66999816894531
2025-10-01,1,MHL,CARGO,,,5600cbad8-8ed4-a839-c1d9-27f5233fc0e6,CARGO,2025-10-01 23:36:29+00:00,2025-10-06 10:04:41+00:00,2023-07-15 07:10:24+00:00,2026-07-24 23:59:01+00:00,9964352,538010730,V7A7334,public-global-vessel-identity:v4.0,public-global-sar-presence:v4.0,MAGELLAN ETERNITY,-33.62,-71.66999816894531
2025-10-18,1,CHL,OTHER,,,78685f42b-b388-4669-c888-22e8ac8c16fe,OTHER,2025-10-18 10:04:41+00:00,2025-10-18 10:04:41+00:00,2024-10-01 05:48:30+00:00,2026-07-24 23:57:40+00:00,9547764,725005383,CBDD,public-global-vessel-identity:v4.0,public-global-sar-presence:v4.0,DONA JOSEFINA,-33.02,-71.5999984741211
2025-10-01,1,LBR,CARGO,,,36c771067-7698-416c-4418-ceda133a6ebd,CARGO,2025-10-01 23:36:29+00:00,2025-10-18 10:04:41+00:00,2022-05-15 00:27:22+00:00,2026-07-24 23:59:23+00:00,9932127,636093089,5LEY5,public-global-vessel-identity:v4.0,public-global-sar-presence:v4.0,BBC SATURN,-33.61,-71.66999816894531
2025-10-06,1,LBR,CARGO,,,ec7b107c6-6850-9fec-c27f-b84eb8c8fc55,CARGO,2025-10-06 10:04:41+00:00,2025-10-06 10:04:41+00:00,2023-11-28 03:09:45+00:00,2026-07-24 22:25:28+00:00,9224518,636023534,5LOE3,public-global-vessel-identity:v4.0,public-global-sar-presence:v4.0,WAN HAI 612,-33.49,-71.9800033569336
2025-10-18,1,,,,,,,2025-10-01 23:36:29+00:00,2025-10-30 10:04:41+00:00,,,,,,,public-global-sar-presence:v4.0,,-32.1,-71.58000183105469
2025-10-25,1,JPN,CARGO,,,3d2f94c86-6888-7580-8884-65564a3f2d32,CARGO,2025-10-25 23:36:29+00:00,2025-10-25 23:36:29+00:00,2012-01-01 00:01:25+00:00,2026-07-24 23:59:46+00:00,9335965,432624000,7JCO,public-global-vessel-identity:v4.0,public-global-sar-presence:v4.0,POSEIDON LEADER,-33.53,-71.94000244140625
2025-10-06,1,HKG,CARGO,,,1ecac2091-1a08-2354-d8fd-36185bbeda04,CARGO,2025-10-06 10:04:41+00:00,2025-10-06 10:04:41+00:00,2012-01-02 18:43:10+00:00,2026-07-24 23:57:51+00:00,9314222,477593600,VRCH5,public-global-vessel-identity:v4.0,public-global-sar-presence:v4.0,XIN HONG KONG,-33.65,-72.0199966430664
2025-10-06,1,HKG,CARGO,,,3037a9306-6f2c-75ce-9c48-22ef438cb612,CARGO,2025-10-06 10:04:41+00:00,2025-10-08 23:28:20+00:00,2021-05-04 07:27:14+00:00,2026-07-24 23:59:49+00:00,9705304,477681700,VRTX5,public-global-vessel-identity:v4.0,public-global-sar-presence:v4.0,NORTH ISLAND,-33.6,-71.66000366210938
2025-10-25,1,PAN,CARGO,,,c7b7bf032-2646-e22e-87a2-0cadc5d1b8ef,CARGO,2025-10-25 23:36:29+00:00,2025-10-30 10:04:41+00:00,2025-02-08 17:58:51+00:00,2026-07-24 23:57:25+00:00,9606039,352005162,3E8326,public-global-vessel-identity:v4.0,public-global-sar-presence:v4.0,T CLEVER,-33.62,-71.69000244140625
2025-10-30,1,PAN,CARGO,,,8fc403cfc-ca77-bf9c-e606-916451e4c3c2,CARGO,2025-10-30 10:04:41+00:00,2025-10-30 10:04:41+00:00,2012-08-19 23:31:00+00:00,2026-07-24 23:58:46+00:00,9566473,373724000,H9PI,public-global-vessel-identity:v4.0,public-global-sar-presence:v4.0,AM BREMEN,-33.58,-71.69999694824219
2025-10-13,1,,,,,,,2025-10-01 23:36:29+00:00,2025-10-30 10:04:41+00:00,,,,,,,public-global-sar-presence:v4.0,,-33.46,-71.95999908447266
2025-10-13,1,,,,,,,2025-10-01 23:36:29+00:00,2025-10-30 10:04:41+00:00,,,,,,,public-global-sar-presence:v4.0,,-33.53,-72.12000274658203
2025-10-06,1,BHS,CARGO,,,29478b812-2ca9-0264-8443-908a28ffb558,CARGO,2025-10-06 10:04:41+00:00,2025-10-25 23:36:29+00:00,2022-03-22 01:39:21+00:00,2026-07-24 23:59:05+00:00,9527960,311001134,C6FK8,public-global-vessel-identity:v4.0,public-global-sar-presence:v4.0,AETOS,-33.61,-71.66000366210938
2025-10-18,1,,,,,,,2025-10-01 23:36:29+00:00,2025-10-30 10:04:41+00:00,,,,,,,public-global-sar-presence:v4.0,,-32.12,-71.58000183105469
2025-10-18,1,HKG,CARGO,,,757dbbced-d0b0-4e32-ea3a-d157afc198dd,CARGO,2025-10-18 10:04:41+00:00,2025-10-18 10:04:41+00:00,2014-03-19 01:27:10+00:00,2026-07-24 23:59:33+00:00,9645877,477117400,VRNA3,public-global-vessel-identity:v4.0,public-global-sar-presence:v4.0,CSCL WINTER,-33.57,-72.0199966430664
2025-10-06,1,,,,,,,2025-10-01 23:36:29+00:00,2025-10-30 10:04:41+00:00,,,,,,,public-global-sar-presence:v4.0,,-32.36,-71.66999816894531
2025-10-18,1,MHL,CARGO,,,7345755de-efcc-1c17-2c9b-93d273d169b8,CARGO,2025-10-08 23:28:20+00:00,2025-10-18 10:04:41+00:00,2023-05-12 02:09:20+00:00,2026-07-24 23:54:49+00:00,9958896,538010590,V7A6263,public-global-vessel-identity:v4.0,public-global-sar-presence:v4.0,PACIFIC ETERNITY,-33.62,-71.66999816894531
2025-10-18,1,,,,,,,2025-10-01 23:36:29+00:00,2025-10-30 10:04:41+00:00,,,,,,,public-global-sar-presence:v4.0,,-32.55,-71.70999908447266
2025-10-30,1,MHL,CARGO,,,42a1fcc25-5039-2973-9607-6cdb8867b319,CARGO,2025-10-25 23:36:29+00:00,2025-10-30 10:04:41+00:00,2016-09-27 03:13:59+00:00,2026-07-24 23:59:53+00:00,9738375,538007169,V7QU5,public-global-vessel-identity:v4.0,public-global-sar-presence:v4.0,TS INDEX,-33.59,-71.68000030517578
2025-10-08,1,,,,,,,2025-10-01 23:36:29+00:00,2025-10-30 10:04:41+00:00,,,,,,,public-global-sar-presence:v4.0,,-32.76,-71.5199966430664
2025-10-08,1,,,,,,,2025-10-01 23:36:29+00:00,2025-10-30 10:04:41+00:00,,,,,,,public-global-sar-presence:v4.0,,-33.02,-71.80999755859375
2025-10-20,1,,,,,,,2025-10-01 23:36:29+00:00,2025-10-30 10:04:41+00:00,,,,,,,public-global-sar-presence:v4.0,,-32.75,-71.5199966430664
2025-10-08,1,MHL,CARGO,,,bbcdc1041-11f6-fae1-e9dc-83fab0cbd2f3,CARGO,2025-10-06 10:04:41+00:00,2025-10-08 23:28:20+00:00,2019-02-19 08:55:50+00:00,2026-07-24 23:59:18+00:00,9839844,538008296,V7A2207,public-global-vessel-identity:v4.0,public-global-sar-presence:v4.0,ALEXANDRA KPN,-33.61,-71.69000244140625
2025-10-30,1,PAN,CARGO,,,c7b7bf032-2646-e22e-87a2-0cadc5d1b8ef,CARGO,2025-10-25 23:36:29+00:00,2025-10-30 10:04:41+00:00,2025-02-08 17:58:51+00:00,2026-07-24 23:57:25+00:00,9606039,352005162,3E8326,public-global-vessel-identity:v4.0,public-global-sar-presence:v4.0,T CLEVER,-33.63,-71.69000244140625
2025-10-30,1,MHL,OTHER,,,e91ef3ec3-301f-61a8-4f64-ac44a5a1e649,OTHER,2025-10-30 10:04:41+00:00,2025-10-30 10:04:41+00:00,2015-01-30 06:13:17+00:00,2026-07-24 23:45:13+00:00,9681168,538006177,V7KN4,public-global-vessel-identity:v4.0,public-global-sar-presence:v4.0,SEAWAYS WHEAT,-32.77,-71.7699966430664
2025-10-01,1,DNK,CARGO,,,8a08a0c46-6ff3-aa8d-ad5e-c45f3c5bf770,CARGO,2025-10-01 23:36:29+00:00,2025-10-01 23:36:29+00:00,2023-05-15 01:56:40+00:00,2026-07-24 23:58:50+00:00,9526875,219526000,OZJM2,public-global-vessel-identity:v4.0,public-global-sar-presence:v4.0,MAERSK LIMA,-33.55,-71.9800033569336
2025-10-30,1,PAN,CARGO,,,354a0fc12-2c27-71eb-b8c8-894e4607f60e,CARGO,2025-10-20 23:28:19+00:00,2025-10-30 10:04:41+00:00,2021-10-22 04:34:33+00:00,2026-07-24 23:57:13+00:00,9914486,352898687,3E3601,public-global-vessel-identity:v4.0,public-global-sar-presence:v4.0,NORD ANTHEM,-33.62,-71.68000030517578
2025-10-08,1,,,,,,,2025-10-01 23:36:29+00:00,2025-10-30 10:04:41+00:00,,,,,,,public-global-sar-presence:v4.0,,-33.0,-71.58999633789062
2025-10-18,1,MHL,CARGO,,,cc3e57230-07e6-4a8a-9f5a-6f3399f8b2e4,CARGO,2025-10-18 10:04:41+00:00,2025-10-25 23:36:29+00:00,2013-03-26 03:53:49+00:00,2026-07-24 23:59:51+00:00,9467615,538005074,V7AV3,public-global-vessel-identity:v4.0,public-global-sar-presence:v4.0,BIANCA,-33.61,-71.68000030517578
